/*-------------------------- 2017-------------------------*/
/*NOMBRE	TEMPORADA	DESCRIPCION	NOTA	CAPITULOS*/
insert into ANIMES VALUES("Zero kara hajimeru mahou no sho","1","Bruja rengar blanco","10"," 8");
insert into ANIMES VALUES("Rokudenashi majutsu koushi to akashic records","1","Best uniforme of anime","10"," 8");
insert into ANIMES VALUES("Oushitsu kyoushi Haine","1",	"Tutor real"," 9"," 7");
insert into ANIMES VALUES("Saenai heroine no sodatekata 2","2",	"Crear juego"," 8","12");
insert into ANIMES VALUES("Clockwork Planet","1","Mundo de relojes","10","12");
insert into ANIMES VALUES("Shingeki no kyojin 2","2","Mikasa","10","12");
insert into ANIMES VALUES("Boku no hero 2","2","All Might","10","12");
insert into ANIMES VALUES("Eromanga-sensei","1","Hermana dibuja ero"," 9","12");
insert into ANIMES VALUES("Re:Creators","1","Fuera de su anime"," 7","12");
insert into ANIMES VALUES("Alice to Zoroku","1","lolis poderes","10","12");
insert into ANIMES VALUES("Busou shoujo machiavellianism","1","peli verde super kawaii","10","12");
insert into ANIMES VALUES("Accel World","1","Prota cerdito"," 7","12");
insert into ANIMES VALUES("Akame ga kill","1","Prota no es prota"," 7","12");
insert into ANIMES VALUES("Akiba`s strip","1","Quitar ropa para ganar"," 8","12");
insert into ANIMES VALUES("Angel Beats","1","Loli programadora"," 8","12");
insert into ANIMES VALUES("Another","1","Chica parche","10","12");
insert into ANIMES VALUES("Assassination Classroom","1","Koro-sensei"," 9","24");
insert into ANIMES VALUES("Assassination Classroom 2","2","Koro-sensei"," 8","24");
insert into ANIMES VALUES("Baby princess 3d","1","harem 1 capitulo"," 7"," -1");
insert into ANIMES VALUES("Black Bullet","1","lolis para todos"," 7"," 1");
insert into ANIMES VALUES("Boku dake ga inai machi","1","Volver al pasado"," 9"," 1");
insert into ANIMES VALUES("Boku no hero","1","All Might","10","12");
insert into ANIMES VALUES("Charlotte","1","Chicos con poderes",	" 8","13");
insert into ANIMES VALUES("Choujingen game neptune","1","Diosas lolis","10","13");
insert into ANIMES VALUES("Date a live","1","Preguntas"," 7","12");
insert into ANIMES VALUES("Date a live 2","2","Kurumi"," 8","12");
insert into ANIMES VALUES("Death parade","1","Pruebas muerte"," 9","12");
insert into ANIMES VALUES("Kono subarashii","1","Diosa inutil","10","10");
insert into ANIMES VALUES("Kono subarashii 2","2","Rival megumi","10","10");

/*----------------------POR METER EN LAS OTRAS TABLAS--------------------*/

insert into ANIMES VALUES("Gabriel Dropout","1","Ángel caido","7","12");
insert into ANIMES VALUES("Watamote","1","Chica Hikikiomori","9","12");
insert into ANIMES VALUES("Valkyrie Drive","1","Chicas isla","8","12");
insert into ANIMES VALUES("Kiss x sis","1","Hermanas","9","12");
insert into ANIMES VALUES("Kono Naka","1","Hermana sorpresa","7","12");
insert into ANIMES VALUES("One Punch Man","1","Saitama","10","12");
insert into ANIMES VALUES("Monster Musume","1","suu","10","12");
insert into ANIMES VALUES("Overloard","1","Atrapado en un juego","9","13");
insert into ANIMES VALUES("Sakamoto","1","PUTO AMO","7","12");
insert into ANIMES VALUES("Kabaneri","1","zombies titanes","10","13");
insert into ANIMES VALUES("Kiniro Mosaic","1","Karen desu","8","12");












insert into FECHA VALUES("Zero kara hajimeru mahou no sho","Abril","En emision","Primavera","2017","Lunes");
insert into FECHA VALUES("Rokudenashi majutsu koushi to akashic records","Abril","En emision","Primavera","2017","Martes");
insert into FECHA VALUES("Oushitsu kyoushi Haine","Abril","En emision","Primavera","2017","Martes");
insert into FECHA VALUES("Saenai heroine no sodatekata 2","Abril","En emision","Primavera","2017","Jueves");
insert into FECHA VALUES("Clockwork Planet","Abril","En emision","Primavera","2017","Jueves");
insert into FECHA VALUES("Shingeki no kyojin 2","Abril","En emision","Primavera","2017","Sabado");
insert into FECHA VALUES("Boku no hero 2","Abril","En emision","Primavera","2017","Sabado");
insert into FECHA VALUES("Eromanga-sensei","Abril","En emision","Primavera","2017","Sabado");
insert into FECHA VALUES("Re:Creators","Abril","En emision","Primavera","2017","Sabado");
insert into FECHA VALUES("Alice to Zoroku","Abril","En emision","Primavera","2017","Sabado");
insert into FECHA VALUES("Busou shoujo machiavellianism","Abril","En emision","Primavera","2017","Domingo");
insert into FECHA VALUES("Accel World","Abril","Septiembre","Primavera","2012","Finalizado");
insert into FECHA VALUES("Akame ga kill","Julio","Diciembre","Verano","2014","Finalizado");




/*
insert into GENERO VALUES("Accel World","Comedia","Accion");
*/

insert into PERSONAJES VALUES("Mujer","Zero kara hajimeru mahou no sho","Zero","Plateado","no");
insert into PERSONAJES VALUES("Mujer","Zero kara hajimeru mahou no sho","Albus","Rubio","no");
insert into PERSONAJES VALUES("Mujer","Rokudenashi majutsu koushi to akashic records","Sistine Fibel","Plateado","si");
insert into PERSONAJES VALUES("Mujer","Rokudenashi majutsu koushi to akashic records","Rubio Tingel","Rubio","si");
insert into PERSONAJES VALUES("Mujer","Rokudenashi majutsu koushi to akashic records","Re=L Rayford","Azul","si");
insert into PERSONAJES VALUES("Mujer","Rokudenashi majutsu koushi to akashic records","Celica Arfonia","Rubio","no");
insert into PERSONAJES VALUES("Mujer","Oushitsu kyoushi Haine","Adele von Glanzreich","Rubio","si");
insert into PERSONAJES VALUES("Mujer","Saenai heroine no sodatekata 2","Eriri Spencer Sawamura","Rubio","no");
insert into PERSONAJES VALUES("Mujer","Saenai heroine no sodatekata 2","Utaha Kasumigaoka","Negro","no");
insert into PERSONAJES VALUES("Mujer","Saenai heroine no sodatekata 2","Megumi Katou","Castaño","no");
insert into PERSONAJES VALUES("Mujer","Saenai heroine no sodatekata 2","Hyoudou Michiru","Morado","no");
insert into PERSONAJES VALUES("Mujer","Clockwork Planet","RyuZU","Plateado","no");
insert into PERSONAJES VALUES("Mujer","Clockwork Planet","Marie Bell Breguest","Rubio","si");
insert into PERSONAJES VALUES("Mujer","Clockwork Planet","AnchoR","Rubio","si");
insert into PERSONAJES VALUES("Mujer","Shingeki no kyojin 2","Ymir","Negro","no");
insert into PERSONAJES VALUES("Mujer","Shingeki no kyojin 2","MiKasa Ackerman","Negro","no");
insert into PERSONAJES VALUES("Mujer","Shingeki no kyojin 2","Historia Reiss","Rubio","no");
insert into PERSONAJES VALUES("Mujer","Shingeki no kyojin 2","Annie Leonhart","Rubio","no");
insert into PERSONAJES VALUES("Mujer","Shingeki no kyojin 2","Hanji Zoe","Castaño","no");
insert into PERSONAJES VALUES("Mujer","Shingeki no kyojin 2","Sasha Blouse","Castaño","no");
insert into PERSONAJES VALUES("Mujer","Boku no hero 2","Ochako Uraraka","Castaño","no");
insert into PERSONAJES VALUES("Mujer","Boku no hero 2","Momo Yaoyorozu","Negro","no");
insert into PERSONAJES VALUES("Mujer","Boku no hero 2","Tsuyu Asui","Verde","no");
insert into PERSONAJES VALUES("Mujer","Boku no hero 2","Kyoka Jiro","Morado","no");
insert into PERSONAJES VALUES("Mujer","Boku no hero 2","Mina Ashido","Rosa","no");
insert into PERSONAJES VALUES("Mujer","Boku no hero 2","Toru Hagakure","Invisible","no");
insert into PERSONAJES VALUES("Mujer","Boku no hero 2","Itsuka Kendo","Naranja","no");
insert into PERSONAJES VALUES("Mujer","Boku no hero 2","Ibara Shiozaki","Verde","no");
insert into PERSONAJES VALUES("Mujer","Boku no hero 2","Recovery Girl","Gris","no");
insert into PERSONAJES VALUES("Mujer","Boku no hero 2","Mei Hatsume","Rosa","no");
insert into PERSONAJES VALUES("Mujer","Boku no hero 2","Mount Lady","Beige","no");
insert into PERSONAJES VALUES("Mujer","Eromanga-sensei","Megumi Jinno","Naranja","si");
insert into PERSONAJES VALUES("Mujer","Eromanga-sensei","Elf Yamada","Rubio","si");
insert into PERSONAJES VALUES("Mujer","Eromanga-sensei","Tomoe Takasago","Negro","no");
insert into PERSONAJES VALUES("Mujer","Eromanga-sensei","Muramasa Senju","Morado","no");
insert into PERSONAJES VALUES("Mujer","Eromanga-sensei","Ayame Kagurazaka","Castaño","no");
insert into PERSONAJES VALUES("Mujer","Eromanga-sensei","Sagiri Izumi","Plateado","si");
insert into PERSONAJES VALUES("Mujer","Re:Creators","Selesia Yupitiria","Rojo","no");
insert into PERSONAJES VALUES("Mujer","Re:Creators","Meteora Osterreich","Plateado","no");
insert into PERSONAJES VALUES("Mujer","Re:Creators","Alicetelia February","Rubio","no");
insert into PERSONAJES VALUES("Mujer","Re:Creators","Mamika Kirameki","Rosa","si");
insert into PERSONAJES VALUES("Mujer","Re:Creators","Magane Chikujoin","Morado","no");
insert into PERSONAJES VALUES("Mujer","Re:Creators","Altair","Plateado","no");
insert into PERSONAJES VALUES("Mujer","Re:Creators","Marine","Castaño","no");
insert into PERSONAJES VALUES("Mujer","Alice to Zoroku","Sana Kashimura","Rubio","si");
insert into PERSONAJES VALUES("Mujer","Alice to Zoroku","Sanae Kashimura","Castaño","si");
insert into PERSONAJES VALUES("Mujer","Alice to Zoroku","Asahi Hinagiri","Azul","si");
insert into PERSONAJES VALUES("Mujer","Alice to Zoroku","Yonaga Hinagiri","Azul","si");
insert into PERSONAJES VALUES("Mujer","Alice to Zoroku","Shizuku Ichijo","Negro","no");
insert into PERSONAJES VALUES("Mujer","Alice to Zoroku","Noriko Yamada","Castaño","no");
insert into PERSONAJES VALUES("Mujer","Alice to Zoroku","Miriam C. Tachibana","Castaño","no");
insert into PERSONAJES VALUES("Mujer","Busou shoujo machiavellianism","Kirukiru Amo","Negro","no");
insert into PERSONAJES VALUES("Mujer","Busou shoujo machiavellianism","Rin Onigawara","Negro","si");
insert into PERSONAJES VALUES("Mujer","Busou shoujo machiavellianism","Mary Kikakujo","Rubio","si");
insert into PERSONAJES VALUES("Mujer","Busou shoujo machiavellianism","Warabi Hanasaka","Rubio","si");
insert into PERSONAJES VALUES("Mujer","Busou shoujo machiavellianism","Satori Tamaba","Verde","si");
insert into PERSONAJES VALUES("Mujer","Busou shoujo machiavellianism","Tsukuyo Inaba","Plateado","si");
insert into PERSONAJES VALUES("Mujer","Busou shoujo machiavellianism","Nono Mozunono","Rosa","si");
insert into PERSONAJES VALUES("Mujer","Busou shoujo machiavellianism","Choka U. Barazaki","Rosa","si");
insert into PERSONAJES VALUES("Mujer","Busou shoujo machiavellianism","Sasa Kurasaki","Plateado","si");
insert into PERSONAJES VALUES("Mujer","Busou shoujo machiavellianism","Ui Migii","Azul","si");
insert into PERSONAJES VALUES("Mujer","Busou shoujo machiavellianism","Tsunemi Toko","Castaño","si");
insert into PERSONAJES VALUES("Mujer","Accel World","Burakku Rotasu","Negro","no");
insert into PERSONAJES VALUES("Mujer","Accel World","Kurashima Chiyuri","Naranja","no");
